cell_id,group,cycle,max_capacity_Ah,max_energy_Wh,voltage_max,voltage_min,voltage_mean,temp_mean,temp_max,duration_s,current_mean,current_std
001-1,G1,1,52.451155,160.905638,3.17329,2.500461,3.0675802665431444,36.450079407093696,45.1,3776.5,-49.99740357967178,0.002190390164184611
001-1,G1,51,51.38748,160.392089,3.461337,2.5,3.1211892577681706,43.14922993785464,46.4,3700.0,-49.98379851688733,0.8219353632018789
001-1,G1,101,50.326355,156.056451,3.409357,2.5,3.1007817478620696,35.03834482758621,40.9,3623.6,-49.98360511172414,0.8304151873340312
001-1,G1,151,49.78847,157.182819,3.45334,2.5,3.156934193530396,37.63898494143893,40.1,3584.8,-49.983555024539875,0.8349213658411849
001-1,G1,201,49.067934,154.522865,3.4598,2.5,3.1491086375212225,37.53027730616865,40.2,3533.0,-49.983297495189596,0.8410402483539672
001-1,G1,301,47.495694,146.802977,3.417354,2.5,3.0907910198772286,26.412861736334403,33.9,3419.8,-49.98279958170126,0.8549431755088003
001-1,G1,351,46.940321,145.28543,3.418738,2.5,3.0950305314995568,26.653948535936113,32.5,3379.8,-49.98260990712807,0.8599857731947553
001-1,G1,401,46.778989,147.276159,3.469334,2.5,3.148133991691395,40.97626112759644,43.5,3368.2,-49.98258472344214,0.861260009041425
001-1,G1,451,46.087612,144.729771,3.473333,2.5,3.1401500593373495,38.109969879518076,41.0,3318.4,-49.98243289728916,0.8676283829551232
001-1,G1,501,45.446834,143.041919,3.511934,2.5,3.1472589276114844,43.5076970067196,44.6,3272.2,-49.98219412767258,0.8739934260671455
001-1,G1,551,44.568104,138.254651,3.433963,2.5,3.102052880373832,29.505981308411215,36.6,3209.0,-49.98181227071652,0.882626752155639
001-1,G1,601,44.275335,137.871542,3.48456,2.5,3.1138983358419567,32.434462213860144,34.2,3187.9,-49.98166005863908,0.8853328467309245
001-1,G1,651,43.578174,135.852285,3.492557,2.5,3.1173340576616755,34.62981841350749,36.4,3137.7,-49.9813853583944,0.8925556782345015
001-1,G1,701,42.562886,131.684894,3.403512,2.5,3.09376504729289,25.857208088714938,31.6,3064.6,-49.98105375603392,0.9029160834737184
001-1,G1,751,42.375518,133.002726,3.426888,2.5,3.1384220429086143,30.135276776940714,32.4,3051.1,-49.980843269898465,0.9049696804359236
001-1,G1,801,41.410687,128.934544,3.44765,2.5,3.1134295098893734,31.486423064029502,33.8,2981.6,-49.980645129064705,0.9153946742842057
001-1,G1,851,40.501311,127.763018,3.431964,2.5,3.1542896583276216,30.18793694311172,33.1,2916.2,-49.980234082248124,0.9255631868313361
001-2,G1,1,55.106981,167.533793,3.190053,2.500308,3.0400633207357015,37.62436381960192,47.1,3967.7,-49.99732058251449,0.002834183872402502
001-2,G1,51,53.073395,156.661626,3.455647,2.5,2.951723277007585,52.72333246141773,58.2,3821.4,-49.98432056160083,0.8085379939102761
001-2,G1,101,51.457568,159.35524,3.421198,2.5,3.096632886161317,35.09088211491772,40.9,3705.0,-49.983863126247634,0.8213327394581452
001-2,G1,151,52.03921,165.120571,3.497939,2.5,3.172938343383138,37.28153681963714,39.5,3746.9,-49.98404818890075,0.8166777844367977
001-2,G1,201,51.773452,161.708164,3.537156,2.5,3.1233106792705816,39.97945829981228,43.1,3727.8,-49.9839967369268,0.8187564811230422
001-2,G1,251,51.033355,158.527466,3.467797,2.5,3.106348478944413,31.94601347557552,38.6,3674.5,-49.983387227400335,0.8377278305631582
001-2,G1,301,51.140782,160.102158,3.508089,2.5,3.130446165852334,39.54552117263843,42.0,3682.2,-49.98372259554832,0.8238921108968491
001-2,G1,351,51.05382,159.954591,3.505936,2.5,3.1330107277672017,41.36524340494969,43.6,3675.9,-49.9837851291814,0.8245877297749751
001-2,G1,401,50.634642,158.431678,3.541923,2.5,3.1289625756578947,40.57486293859648,42.9,3645.8,-49.96995467790571,1.1705142694263988
001-2,G1,451,50.014276,154.786302,3.470719,2.5,3.0946638187621427,29.303746877602,36.2,3601.1,-49.98351801304468,0.8330713173439938
001-2,G1,501,49.572479,150.430019,3.473948,2.5,3.0344275435452257,31.555810697283675,39.1,3569.3,-49.98328947969756,0.8367022582841852
001-2,G1,551,49.57252,148.06618,3.516701,2.5,2.986772338560627,48.11839820778494,50.7,3569.3,-49.983397004200505,0.8366707584518104
001-2,G1,601,49.476719,156.858142,3.497939,2.5,3.170178380471381,28.36969696969697,30.8,3562.4,-49.98333560549944,0.8373404674616551
001-2,G1,651,48.803264,154.363527,3.515933,2.5,3.162914491607397,26.555504978662874,28.8,3513.9,-49.983131803129446,0.8429369024622205
001-2,G1,701,48.606047,153.765517,3.494094,2.5,3.1634033296201087,26.962125107112254,29.3,3499.7,-49.983182240217076,0.8450267298374478
001-2,G1,751,48.295537,153.086364,3.521777,2.5,3.1696159344639265,29.19364759988503,31.5,3477.4,-49.983064430583504,0.8476613378517864
001-3,G1,1,52.599607,160.257656,3.150868,2.500154,3.0465703877012404,37.3784639746635,46.7,3787.2,-49.997370486935864,0.0018468633056757252
001-3,G1,51,51.162327,156.440952,3.48825,2.5,3.0576894249660787,48.77910447761194,52.7,3683.8,-49.983834549525106,0.8236262238663119
001-3,G1,101,49.846471,151.107066,3.435193,2.5,3.031293023948761,38.35864661654135,46.6,3589.1,-49.98347067195767,0.8343971249416267
001-3,G1,151,49.112773,149.935388,3.497478,2.5,3.05274204522329,48.61772187676654,51.5,3536.2,-49.983281818824196,0.8407802452684914
001-3,G1,201,48.13775,146.823185,3.504091,2.5,3.049894589100346,48.14382929642445,51.4,3466.0,-49.982932822376014,0.848970739566767
001-3,G1,251,46.871391,141.249562,3.43873,2.5,3.0135494123931625,35.92600732600732,45.5,3374.8,-49.982108286324795,0.8735924556658528
001-3,G1,301,46.133089,140.469805,3.482714,2.5,3.0448138146253383,47.278453204935296,50.0,3321.7,-49.982368212157695,0.8673284763028964
001-3,G1,351,45.224903,137.617935,3.48133,2.5,3.042831543891958,48.99122160834868,52.1,3256.3,-49.9820677879067,0.8758422547234933
001-3,G1,401,43.761091,133.117807,3.491173,2.5,3.041888896890863,47.461104060913705,51.0,3150.9,-49.981536939086304,0.8905112397813459
001-3,G1,451,41.751174,125.218733,3.421506,2.5,2.9990145664893615,32.165026595744685,41.5,3006.2,-49.98069292220746,0.9116113934858219
001-3,G1,501,39.550537,120.297622,3.416739,2.5,3.0415372274482277,32.986486486486484,38.6,2847.7,-49.97974365356266,0.9367018593622147
001-3,G1,551,37.780158,118.414045,3.479177,2.5,3.1340677196914037,42.931116825863334,44.2,2720.3,-49.978981856355624,0.958375655876917
001-3,G1,601,35.360327,109.727725,3.474717,2.5,3.103083361209266,32.599254024342365,34.8,2546.0,-49.97770101963095,0.9906829152557705
001-3,G1,651,32.842392,100.083535,3.410125,2.5,3.047279320371936,26.175316990701603,31.5,2364.7,-49.97623872781066,1.0278787615977554
001-3,G1,701,31.190941,97.732436,3.430272,2.5,3.1331903370436334,28.728851291184327,30.8,2245.8,-49.9751762337489,1.054901927480014
001-3,G1,751,27.978755,87.179763,3.422582,2.5,3.115705058035714,27.334722222222222,29.6,2014.5,-49.97248933085317,1.1134501277253042
001-4,G1,1,54.959359,173.645059,3.298782,2.500154,3.1592987744379895,32.44296539530184,38.5,3957.1,-49.99738258171255,0.001996900049908692
001-4,G1,51,53.623248,165.474423,3.466874,2.5,3.0858397858622477,44.50005178663905,47.7,3861.0,-49.98455108622475,0.804563059331715
001-4,G1,101,50.393688,152.212954,3.355684,2.5,3.020373289807163,37.51,44.7,3628.5,-49.98363147768595,0.829842041020191
001-4,G1,151,49.381342,148.729379,3.46795,2.5,3.0117817039640142,47.94264829912848,51.2,3555.6,-49.9833221579983,0.838345459590742
001-4,G1,201,48.642414,143.40879,3.496555,2.5,2.9481569357876714,50.27702625570776,55.2,3502.4,-49.983105531678085,0.8445992097080709
001-4,G1,251,46.785775,136.294896,3.453955,2.5,2.913047052889025,37.914246407826354,48.5,3368.7,-49.982051977376955,0.8741937304419296
001-4,G1,301,47.467224,139.228009,3.517163,2.5,2.9331262918982155,48.61912840011699,53.5,3417.7,-49.98281848727699,0.8551619028101887
001-4,G1,351,47.252007,138.48011,3.522392,2.5,2.930598052878966,50.628349001175096,55.5,3402.2,-49.98272270005875,0.8568847301930863
001-4,G1,401,46.419831,135.65373,3.504398,2.5,2.9222611336722486,49.471411483253576,55.3,3342.3,-49.98237571471292,0.8648234729709209
001-4,G1,451,44.36408,127.587361,3.476101,2.5,2.8758689086357943,34.8770337922403,46.1,3194.3,-49.98178037015019,0.8843610480656576
001-4,G1,501,44.488206,138.376429,3.450111,2.5,3.110220379095164,30.0983151326053,37.7,3203.2,-49.981763552886115,0.8830522452076351
001-4,G1,551,45.540071,144.057398,3.504398,2.5,3.163256230487805,39.911371951219515,42.6,3279.0,-49.98210799359756,0.8729627426784387
001-4,G1,601,44.325644,139.043248,3.512088,2.5,3.136719007203257,30.39420607579079,33.5,3191.5,-49.981662094895086,0.8848095873007527
001-4,G1,651,41.976602,130.141888,3.440883,2.5,3.100178111111111,25.41078042328043,31.5,3022.4,-49.98075764980159,0.909162935051349
001-4,G1,701,43.257566,135.621547,3.486097,0.0,3.1439372362814715,30.664299548095546,33.7,3114.6,-49.96504191801162,1.270164822232822
001-4,G1,751,41.731166,130.843416,3.502553,2.5,3.135281178310047,28.161377245508984,31.0,3004.7,-49.980748021290765,0.9118494060323334
001-4,G1,801,38.875342,120.05725,3.514549,2.5,3.088040043555873,23.443305962156373,29.4,2799.1,-49.97949535487328,0.9446625214402034
001-4,G1,851,39.397098,123.476208,3.494556,2.5,3.1340214964763917,30.149788583509512,32.9,2836.7,-49.97981128188868,0.938588271765518
001-5,G1,1,55.828863,176.251305,3.27233,2.500461,3.156872339965183,32.55185277294205,39.6,4019.7,-49.997345404625705,0.0021529423551835125
001-5,G1,51,55.185264,175.846562,3.418738,2.5,3.1863252050314466,37.782088050314464,40.5,3973.5,-49.984819098867916,0.7930134243662156
001-5,G1,101,54.379891,172.492157,3.370448,2.5,3.1718827312404287,32.48808065339459,37.2,3915.5,-49.971914033180184,1.1294312602922674
001-5,G1,151,54.025419,172.138633,3.420737,2.5,3.1861827548188124,37.02220508866615,39.4,3889.9,-49.98450321151375,0.8015865838816247
001-5,G1,201,53.601925,170.723511,3.423505,2.5,3.1848685964775965,36.630328930328936,39.1,3859.4,-49.98448794949494,0.8046362481082641
001-5,G1,251,52.807036,166.919377,3.373985,2.5,3.16077606997559,29.702468131272038,34.9,3802.2,-49.98377486411717,0.823432049197596
001-5,G1,301,52.819566,168.026254,3.432886,2.5,3.180920118528252,35.10930354796321,37.3,3803.1,-49.98427259684625,0.8105655006037178
001-5,G1,351,52.692571,167.824068,3.448265,2.5,3.184906480632411,36.840184453227934,38.9,3794.0,-49.98418996389986,0.8115413546182012
001-5,G1,401,52.216734,166.203473,3.464567,2.5,3.18284894549322,36.2614996011699,38.6,3759.7,-49.984075164583885,0.8152616604523893
001-5,G1,451,51.558142,162.340751,3.410894,2.5,3.148516457189015,27.189714593430267,33.2,3712.3,-49.98391767528271,0.8204043588790445
001-5,G1,501,51.10463,160.121881,3.416739,2.5,3.1331061784841077,28.979326270035315,35.7,3679.6,-49.983815120076066,0.8240434933017303
001-5,G1,551,50.162008,159.11452,3.42612,2.5,3.1719077583725435,28.103404373097153,30.5,3611.7,-49.983490911984504,0.8317627452274222
001-5,G1,601,49.664769,157.307064,3.427657,2.5,3.167310653620352,27.766620072686607,30.4,3575.9,-49.983378411518025,0.8359683794769591
001-5,G1,651,49.522115,157.071627,3.434578,2.5,3.171629693860387,28.301401738155313,30.4,3565.7,-49.98339981188674,0.8372019184346059
001-6,G1,1,55.257028,165.741527,3.207277,2.500154,2.999373350753769,39.73118090452261,48.7,3978.5,-49.9973957384422,0.0028203072318114834
001-6,G1,51,52.26675,164.695527,3.48256,2.5,3.150887307038513,42.82350597609562,44.7,3763.3,-49.98415368446216,0.81489402701467
001-6,G1,101,51.345518,161.221208,3.472256,2.5,3.1398742742022714,33.723228772309355,39.2,3696.9,-49.98389717063277,0.8221817075184664
001-6,G1,151,51.748443,163.050461,3.523776,2.5,3.1507800029514357,42.41537429568017,43.8,3725.9,-49.983942901529375,0.8190074371185037
001-6,G1,201,51.360522,161.909622,3.526083,2.5,3.152201922432432,41.18616216216216,43.1,3698.0,-49.98391456756757,0.822141118118651
001-6,G1,251,50.325551,156.249,3.488097,2.5,3.104695573612684,32.68836353340883,40.1,3623.5,-49.98323456540204,0.8411564254014797
001-6,G1,301,50.8395,159.868009,3.533311,2.5,3.1444414628618245,40.46455488803932,43.0,3660.5,-49.983659233478974,0.8261501093165609
001-6,G1,351,50.743297,159.244448,3.531773,2.5,3.1381212150478794,41.9986046511628,44.6,3653.5,-49.983755291655264,0.826885848428364
001-6,G1,401,50.283579,157.641029,3.536694,2.5,3.1349083017669797,41.48854224185533,44.2,3620.4,-49.98365524213141,0.8307984176841846
001-6,G1,451,49.110115,150.413083,3.483944,2.5,3.0627284761096973,31.193553859202716,39.0,3535.9,-49.98309037461125,0.8406429322567557
001-6,G1,501,49.08182,153.967296,3.45334,2.5,3.136897353041019,29.49397454031117,37.4,3534.0,-49.98311517340876,0.8407964222027831
001-6,G1,551,49.791204,158.393344,3.493172,2.5,3.1809136885977143,40.0792026763312,42.7,3585.0,-49.98344003847226,0.8349290041919584
001-6,G1,601,49.186537,154.979696,3.509473,2.5,3.1507153084956254,29.521478972622074,32.4,3541.5,-49.983349839401626,0.8400072315201363
001-6,G1,651,47.906943,149.546286,3.439345,2.5,3.121434168067227,24.924166908142563,31.1,3449.3,-49.982984385685306,0.8510987896092568
001-6,G1,701,48.374504,152.406579,3.470565,2.5,3.150504679391504,27.807319173363954,31.0,3483.0,-49.983084108783004,0.8470906997583537
001-6,G1,751,47.874553,150.502111,3.494094,2.5,3.1436317856728544,26.109483758700698,28.3,3447.0,-49.982979773491884,0.851438861332594
001-6,G1,801,47.679688,149.508824,3.472718,2.5,3.135641751892836,26.06721025043681,28.9,3433.0,-49.982880636866625,0.8532972594338637
001-6,G1,851,47.182713,148.713078,3.486097,2.5,3.1516610367755225,28.96148867313916,32.6,3397.2,-49.98267377228596,0.8576428313373684
001-7,G1,1,55.136039,173.534383,3.265495,2.5,3.1472813084865274,33.371241500881396,40.2,3969.8,-49.99744445076807,0.002315195982864719
001-7,G1,51,52.998199,167.018158,3.477947,2.5,3.151342348965156,41.80002619858528,44.1,3816.0,-49.984292036154045,0.8092618530414093
001-7,G1,101,52.336885,163.851851,3.473487,2.5,3.130567183289125,33.76411140583555,39.0,3768.3,-49.984102879310335,0.8143496254266764
001-7,G1,151,52.609075,165.843451,3.522546,2.5,3.15232891290578,41.037212984956454,42.3,3788.0,-49.98413715703351,0.8125136870523393
001-7,G1,201,52.363748,165.203583,3.546998,2.5,3.15476351776246,40.05180275715801,41.7,3770.3,-49.98417072879109,0.8139837606616199
001-7,G1,251,51.621931,161.199606,3.478869,2.5,3.1228841309523805,31.361295681063122,37.3,3716.9,-49.983575433831675,0.8319084515592525
001-7,G1,301,51.872022,162.924235,3.525468,2.5,3.1408265136509637,43.45674518201284,44.5,3734.8,-49.983890220021415,0.8181110288875586
001-7,G1,351,51.790831,163.215883,3.521161,2.500461,3.151410701608579,45.165790884718504,46.8,3729.0,-49.98392864369973,0.8187948554559047
001-7,G1,401,51.394968,161.77019,3.552534,2.5,3.147473071582928,43.52055645596974,44.8,3700.5,-49.98384514586709,0.8217943313220879
001-7,G1,451,50.699487,157.825094,3.476563,2.5,3.11282823083242,29.737048192771084,36.8,3650.5,-49.98370212486309,0.8274004825039274
001-7,G1,501,50.302252,157.159333,3.465182,2.5,3.1242369837151536,29.719873033397736,36.5,3621.9,-49.983577604747445,0.8306437717543628
001-7,G1,551,50.647301,159.223796,3.525929,2.5,3.1436853733552628,42.19657346491228,43.3,3646.7,-49.983633306469294,0.8280082784369649
001-7,G1,601,50.274736,157.161157,3.55315,2.5,3.1259986412593204,34.01996685998343,35.4,3619.9,-49.98363157056062,0.8308734649145956
001-7,G1,651,49.531012,153.084455,3.474871,2.5,3.0905420451233185,26.22017937219731,32.4,3566.3,-49.98337066479821,0.8371439683939372
001-7,G1,701,49.85545,157.413847,3.487328,2.5,3.1573029234196603,27.618991924255077,30.6,3589.7,-49.98343773127263,0.8343362191957702
001-7,G1,751,49.422496,155.650574,3.509166,2.5,3.1492580778089887,25.71497191011236,28.2,3558.5,-49.98339325646068,0.8379310279110255
001-7,G1,801,49.22436,154.867928,3.491326,2.5,3.1459852256063168,25.521940214325998,28.1,3544.2,-49.98333271206993,0.8395524153507178
001-7,G1,851,48.787464,154.100833,3.512088,2.5,3.1585298084803637,27.793682413204326,31.3,3512.8,-49.98316818326693,0.8434000346222302
001-8,G1,1,52.244776,160.889446,3.18667,2.500461,3.079405757374435,35.79120382673399,44.3,3761.6,-49.99737412330587,0.0028119524439892967
001-8,G1,51,50.332442,147.196234,3.511165,2.500461,2.9245040137931033,52.56540689655173,58.5,3624.0,-49.98356285213793,0.8302626352761829
001-8,G1,101,49.367934,152.791565,3.441191,2.5,3.0948488776715415,34.724803149606295,40.3,3554.6,-49.98323872047244,0.8385261082950953
001-8,G1,151,48.623871,150.288876,3.497785,2.5,3.0908165933752145,43.246145059965734,45.2,3501.0,-49.9830724608795,0.8448426132456144
001-8,G1,201,47.537802,146.563366,3.508397,2.5,3.083031959404206,43.425613317757005,45.9,3422.8,-49.98272298656542,0.8544736649199065
001-8,G1,251,46.118302,140.751147,3.444574,2.5,3.0519605423518463,33.103661185231154,40.2,3320.6,-49.981896898231454,0.8806831383640744
001-8,G1,301,45.06759,135.362479,3.49148,2.5,3.0035301848428833,48.686260012322855,52.2,3244.9,-49.98201169839803,0.8773959522442228
001-8,G1,351,43.696004,134.797867,3.488097,2.5,3.0847150482846253,47.73926302414232,48.8,3146.2,-49.981508954256675,0.8911811750101235
001-8,G1,401,40.616193,118.497999,3.500092,2.5,2.9174528957621324,50.80334928229665,56.6,2924.4,-49.98032616370473,0.9243329634941443
001-8,G1,451,36.399908,104.843781,3.432886,2.5,2.880342697559115,34.35816170861938,45.2,2620.9,-49.9782810846682,0.9763021949132944
001-8,G1,501,31.035277,96.195384,3.410279,2.5,3.099373766547406,28.32325581395349,34.9,2234.6,-49.97512569275493,1.0574163239493959
001-8,G1,551,24.74858,77.405172,3.465182,2.5,3.127559813236119,40.079024116657315,42.2,1781.9,-49.969266453729674,1.1840552451861868
001-8,G1,601,18.879735,57.599369,3.455493,2.5,3.0505480911094787,30.830124908155764,33.9,1359.4,-49.960749426891994,1.3552520474574719
001-8,G1,651,13.286186,38.80359,3.427657,2.5,2.9204774801670146,23.243736951983298,28.6,956.6,-49.94524606993737,1.6154657863623882
001-8,G1,701,9.920318,29.591387,3.496248,2.5,2.982440677374302,29.761731843575422,32.3,714.3,-49.92766165642459,1.8686344258184298
001-8,G1,751,4.86934,13.742936,3.478869,2.5,2.8243099801699714,25.626062322946176,28.2,350.6,-49.714047830028335,3.757929614956678
002-1,G2,1,54.673242,174.745695,3.452571,2.5,3.196118824320894,43.72640264026403,45.2,3936.6,-49.97206469814673,1.1265009343844208
002-1,G2,51,54.257646,173.252045,3.508858,2.5,3.1930287896622316,43.90296827021494,45.3,3906.7,-49.98462085158649,0.7996935748520256
002-1,G2,101,53.682218,171.113379,3.524852,2.5,3.1873439927592444,44.05919317300233,45.2,3865.2,-49.98448053995345,0.8037433171387453
002-1,G2,151,52.779987,167.782866,3.469949,2.5,3.178729573908469,44.12937927406629,45.4,3800.3,-49.98423250789058,0.811003768267295
002-1,G2,201,52.34208,166.156328,3.468258,2.5,3.174334172413793,44.14281167108753,45.5,3768.7,-49.98412349496021,0.8143182707005765
002-1,G2,251,52.502453,166.649783,3.511473,2.5,3.173962062929667,44.2939714436806,45.5,3780.3,-49.98418557800105,0.8128454180987786
002-1,G2,301,52.016826,164.999052,3.529312,2.5,3.1718686602615427,45.41216973578864,46.6,3745.3,-49.98399430104083,0.816813182490132
002-1,G2,351,51.515342,162.936339,3.472256,2.5,3.1626821767717597,43.70118566424144,45.9,3709.2,-49.98389921880895,0.8207961950530414
002-1,G2,401,51.554032,163.27228,3.511319,2.5,3.1669684589280904,45.03178023161864,46.4,3712.0,-49.98389365634258,0.820726565357253
002-1,G2,451,51.242014,163.908769,3.527159,2.5,3.1985787296125716,44.26933080465998,45.6,3689.5,-49.983870316987264,0.8231090534142702
002-1,G2,501,51.013041,162.942833,3.509781,2.500308,3.1940946265650516,44.279314099074575,45.5,3673.0,-49.98388846761023,0.8249821917219637
002-1,G2,551,50.50833,161.031634,3.528697,2.5,3.188114581913139,43.97097306212205,45.2,3636.7,-49.98365950907091,0.8290217076642127
002-2,G2,1,51.910343,165.061929,3.405512,2.5,3.1796250949451723,44.50954800748864,46.2,3737.6,-49.98395347526076,0.817536188221513
002-2,G2,51,51.541135,163.823128,3.474871,2.5,3.178270482628602,45.02677080527876,46.3,3711.1,-49.98389168246701,0.820757043972347
002-2,G2,101,50.885161,161.581808,3.491788,2.5,3.175338598090041,45.153833560709415,46.3,3663.8,-49.983763298226464,0.8256584943340108
002-2,G2,151,50.103149,158.886529,3.42612,2.5,3.171040917705736,45.02956497644777,46.6,3607.5,-49.983535731227484,0.8322542429124128
002-2,G2,201,49.543203,157.060042,3.425351,2.5,3.169954962454469,44.980470720089656,46.7,3567.2,-49.9833746155786,0.8369666091961014
002-2,G2,251,49.343557,156.540135,3.479485,2.5,3.1723692023072596,45.18829487900957,46.6,3552.8,-49.98328055655599,0.8386684859839785
002-2,G2,301,48.810762,154.848731,3.496863,2.5,3.1722775881683734,45.942491467576794,47.2,3514.5,-49.98316845051194,0.8431890687623541
002-2,G2,351,48.075274,152.304659,3.428119,2.5,3.167893876985273,45.11368755414381,47.1,3461.5,-49.98282271354317,0.849520390533881
002-2,G2,401,47.823141,151.640177,3.475947,2.5,3.17067379245283,45.70754716981132,47.1,3443.3,-49.982888331785205,0.8518339296366771
002-2,G2,451,47.282215,151.310075,3.487789,2.5,3.1999644718144453,45.00504991192014,46.3,3404.4,-49.982710832941876,0.8568863555322688
002-2,G2,501,46.499051,148.212692,3.418123,2.5,3.1873704344580474,43.69023589131084,46.1,3348.0,-49.982444659898476,0.8639236364331166
002-2,G2,551,46.388661,147.634053,3.464721,2.5,3.1822934021543983,44.72010771992819,46.0,3340.1,-49.982490350089776,0.8647982366256267
002-3,G2,1,55.068226,176.840858,3.385981,2.5,3.21106418351399,43.91862868666499,45.9,3965.0,-49.984754325939,0.7938116138257963
002-3,G2,51,54.812814,176.123164,3.453494,2.5,3.2130492520263427,44.49202127659574,46.2,3946.6,-49.984719502026344,0.7957205190332528
002-3,G2,101,54.134356,173.864331,3.453955,2.5,3.2116211597845603,44.74470377019749,46.0,3897.8,-49.984538951782504,0.8007038834727992
002-3,G2,151,53.250143,170.773303,3.416123,2.5,3.206775539624609,44.32917101147029,46.0,3834.1,-49.984386548748695,0.8071041124422033
002-3,G2,201,52.775871,169.183824,3.42858,2.5,3.205694894529195,44.3273540241978,46.1,3800.0,-49.971097719358234,1.1466528940025043
002-3,G2,251,52.91419,169.760065,3.481791,2.5,3.2081452038834954,44.97071634741538,46.6,3809.9,-49.984237305694045,0.8098958852396814
002-3,G2,301,52.367168,167.99097,3.49917,2.5,3.2078040079533405,45.95710498409332,47.3,3770.5,-49.984153588547194,0.8140727023386293
002-3,G2,351,51.481626,164.573283,3.42166,2.5,3.19663386596548,42.196898597626756,46.5,3706.8,-49.983937461974115,0.8211290364121683
002-3,G2,401,51.71926,165.832032,3.485482,2.5,3.2063110636241614,45.5285100671141,47.2,3723.9,-49.98398864751679,0.8192529201073494
002-3,G2,451,51.095601,163.94412,3.501323,2.5,3.2085173263586957,45.00396739130436,46.5,3679.0,-49.98380890027174,0.8241551277219745
002-3,G2,501,50.855023,163.046631,3.489481,2.5,3.2059850808080808,45.03619983619983,46.5,3661.7,-49.983770374829376,0.8260961669019201
002-3,G2,551,50.46847,161.710094,3.504552,2.5,3.2040931768913343,44.63042640990373,46.0,3633.8,-49.98363131141677,0.8292405687288013
002-4,G2,1,51.494833,163.567332,3.409049,2.5,3.1762754049609057,44.55866810461041,46.0,3707.7,-49.98388392558641,0.8210781705860911
002-4,G2,51,50.648251,159.353888,3.489481,2.5,3.1462058686951755,45.32675438596491,46.5,3646.8,-49.98365356524123,0.8278225905778738
002-4,G2,101,49.775236,156.241124,3.500092,2.5,3.1388795818688977,45.282175732217574,46.1,3583.9,-49.98345847001395,0.835065295698841
002-4,G2,151,48.710333,153.091705,3.431964,2.5,3.142710292390994,44.60889142205757,45.6,3507.2,-49.98301243260188,0.8439971386038456
002-4,G2,201,47.815875,150.149165,3.425966,2.5,3.1400720360046455,44.60783972125435,45.5,3442.8,-49.98284496835076,0.8518618371682215
002-4,G2,251,47.101958,146.73553,3.474717,2.5,3.1151157839669907,44.72119068670793,45.8,3391.3,-49.98270721367521,0.8582201217216546
002-4,G2,301,45.947505,142.271319,3.483176,2.5,3.096226244108762,46.140120845921444,47.5,3308.3,-49.98212177220544,0.8693206759999724
002-4,G2,351,44.397047,137.684007,3.344765,2.5,3.101080220450281,42.33314571607255,46.1,3196.7,-49.98177750875548,0.884019534200938
002-4,G2,401,43.331493,135.544259,3.457339,2.5,3.1280218756808718,45.49612303748798,46.5,3120.0,-49.981341907721884,0.8948232879667424
002-4,G2,451,41.066536,130.053303,3.452725,2.5,3.1668000926301554,44.851926977687626,45.6,2956.9,-49.98043813894524,0.9192150269359817
002-4,G2,501,37.500452,117.89038,3.392901,2.5,3.1435132338142804,44.20170181280059,45.8,2700.1,-49.96038848575659,1.3596758171383494
002-4,G2,551,34.657181,108.866851,3.445958,2.5,3.141026563075691,44.82490989187025,45.7,2495.4,-49.977376866239496,1.000550627716347
002-5,G3,1,53.615335,170.328465,3.366757,2.5,3.1764618664596274,44.68115942028985,46.5,1930.2,-99.94278001190477,2.274831663378008
002-5,G3,51,53.004944,168.007878,3.452725,2.5,3.1692975319371732,44.638743455497384,46.0,1908.2,-99.94242694712041,2.2880272206798966
002-5,G3,101,53.016855,168.069581,3.517932,2.5,3.1699175240837696,44.72942408376963,45.6,1908.7,-99.94221053612564,2.2878959793244316
002-5,G3,151,52.127059,164.741233,3.475947,2.5,3.160159608626198,44.74243876464324,45.9,1876.6,-99.94160543610224,2.307439886865159
002-5,G3,201,51.965888,164.181106,3.524852,2.5,3.159261449786325,44.435309829059825,45.3,1870.8,-99.94144793536326,2.3112641625269386
002-5,G3,251,51.624106,162.801106,3.541923,2.5,3.1533517333333334,44.37,45.2,1858.5,-99.94103729247313,2.3187477769710343
002-5,G3,301,51.22029,161.350526,3.52516,2.5,3.1500488449864497,44.46308943089431,45.1,1844.0,-99.94060000704606,2.328198372578211
002-5,G3,351,50.968452,160.431506,3.543768,2.5,3.1475685980392156,44.60239651416122,45.3,1834.9,-99.9402012690632,2.3338507836718625
002-5,G3,401,50.792753,159.689385,3.518086,2.5,3.143726947540984,44.46748633879781,44.9,1828.6,-99.94009699562841,2.3375461522159147
002-5,G3,451,50.125533,157.393014,3.543768,2.5,3.1397632751937983,44.43576965669989,44.9,1804.6,-99.93930204872647,2.353112213916247
002-5,G3,501,50.12126,157.218187,3.516855,2.5,3.136482626245847,44.80647840531561,45.4,1804.4,-99.93946445238096,2.3530725272877335
002-5,G3,551,49.706595,157.270265,3.519316,2.5,3.163700063651591,44.28866554997208,44.8,1789.5,-99.93890486432161,2.362859634814709
002-5,G3,601,49.624938,156.729983,3.517163,2.5,3.1580441621923936,44.19731543624161,44.6,1786.6,-99.93882823937362,2.364667138446963
002-5,G3,651,48.914027,154.20952,3.545306,2.5,3.1525756884222473,44.28337116912599,44.7,1761.0,-99.93808924858118,2.3820956541223754
002-7,G3,1,48.185864,152.235533,3.342304,2.5,3.1591059902073733,45.607258064516124,48.5,1734.7,-99.93714216993088,2.400043841381452
002-7,G3,51,47.220343,147.369905,3.470719,2.5,3.120810885361552,46.1700176366843,49.4,1700.0,-99.93592063433273,2.4245655555668866
002-7,G3,101,48.077831,150.411617,3.533772,2.5,3.128614986728217,46.77847663012118,49.0,1730.8,-99.87961391633006,3.3960751531770463
002-7,G3,151,45.818704,142.780536,3.479177,2.5,3.1159471132646885,46.4596002422774,49.8,1649.5,-99.93430906238643,2.460919808129203
002-7,G3,201,46.551562,145.723291,3.537925,2.5,3.130258193202147,46.81514609421586,49.0,1675.9,-99.935282019678,2.4419490393510146
002-7,G3,251,45.772301,143.273974,3.527928,2.5,3.130015369921165,46.683201940570044,48.6,1647.8,-99.93414696361432,2.462454943789279
002-7,G3,301,44.539916,139.328797,3.548997,2.5,3.127909350778816,46.82785046728972,48.7,1603.5,-99.93254212398756,2.496072454191112
002-7,G3,351,44.597627,139.554966,3.530081,2.5,3.128954987554449,47.25127566894835,49.3,1605.5,-99.93291047604232,2.4944348374218435
002-7,G3,401,43.263357,135.199658,3.54669,2.5,3.124782682488775,47.05805003207184,49.0,1557.5,-99.93073592623477,2.5325356526328946
002-7,G3,451,42.779582,133.631826,3.514395,2.5,3.1232911666666667,46.804863813229574,48.8,1540.1,-99.92981475745785,2.546501010212577
002-7,G3,501,41.224694,128.573604,3.542077,2.5,3.118419044414535,47.35201884253028,49.3,1484.1,-99.92747958546433,2.5938503987507158
002-7,G3,551,40.361153,126.042091,3.52639,2.5,3.1223684652920967,47.05147766323024,48.6,1453.0,-99.9262028982818,2.621631764281782
002-7,G3,601,37.345279,116.080874,3.511165,2.5,3.1079943967310544,47.22912332838038,49.2,1344.5,-99.92077870728083,2.72556841705114
002-7,G3,651,35.228967,108.568235,3.445497,2.5,3.081371885826772,47.32055118110236,49.2,1268.3,-99.91584271259843,2.80592233735663
003-1,G3,1,51.387999,161.316224,3.404897,2.500154,3.1390905445705024,46.00507833603457,49.3,1850.0,-99.94067479794707,2.3242896272817766
003-1,G3,51,49.989215,154.466916,3.411971,2.5,3.0898240677401447,47.07934480843975,50.6,1799.7,-99.93927821599111,2.356378417688706
003-1,G3,101,48.944715,148.1466,3.476563,2.5,3.0265147409297053,48.92953514739229,52.1,1762.1,-99.93808686678004,2.3807867727344845
003-1,G3,151,47.656725,147.60677,3.408126,2.5,3.097284873690338,46.95721769499418,50.2,1715.7,-99.87835558207219,3.4108170508886
003-1,G3,201,46.221381,142.063716,3.457646,2.5,3.0731560864345737,47.77935174069628,50.5,1664.0,-99.93485082773108,2.4497663551552886
003-1,G3,251,44.451751,136.586907,3.442883,2.5,3.0723926123595513,47.664544319600495,50.4,1600.3,-99.9324112621723,2.4984970586554236
003-1,G3,301,42.753613,131.96268,3.451187,2.5,3.0862018669695006,47.485399091499026,49.9,1539.2,-99.9299317826087,2.547373676249545
003-1,G3,351,41.521203,128.099532,3.436731,2.5,3.085007981951872,47.797660427807486,50.3,1494.8,-99.9280090909091,2.585164536381101
003-1,G3,401,39.2701,120.965165,3.446112,2.5,3.0801676197879857,47.673922261484094,50.4,1413.8,-99.92412810318022,2.6582240334185165
003-1,G3,451,36.587628,112.485579,3.437192,2.5,3.0739874086429118,47.55360121304018,50.0,1317.2,-99.91897239196364,2.7533621237972437
003-1,G3,501,32.911929,100.888621,3.451956,2.5,3.0652747428330525,48.005649241146706,50.6,1184.9,-99.91051241568299,2.9036984794064753
003-1,G3,551,28.879302,89.192616,3.447189,2.5,3.088178310278578,47.38376560999039,49.5,1039.7,-99.89868369836697,3.0992175169589173
003-1,G3,601,23.733601,72.374747,3.479177,2.5,3.0495385822637107,47.32088681446908,49.9,854.4,-99.76127883663945,4.827781176966839
003-3,G3,1,51.2577,160.836736,3.397669,2.5,3.1374750958310775,46.10395235517055,49.3,1845.3,-99.94065404439631,2.326894205275997
003-3,G3,51,50.292472,154.876216,3.406281,2.5,3.0793103758278146,47.18206401766004,50.6,1810.6,-99.93957841832231,2.348911055519777
003-3,G3,101,49.64136,153.136821,3.476563,2.5,3.0845299290106207,47.80178870877585,50.4,1787.1,-99.93892479094467,2.3642693133454733
003-3,G3,151,48.532548,149.385396,3.410125,2.5,3.0777223024585476,47.26243567753001,50.5,1747.2,-99.93748114008004,2.390926824190989
003-3,G3,201,47.511536,146.335724,3.46349,2.5,3.079767780957944,47.7713785046729,50.2,1710.5,-99.93651011331775,2.4164979599252243
003-3,G3,251,46.213678,142.183725,3.448265,2.5,3.07650989009009,47.64186186186186,49.8,1663.7,-99.93481022462463,2.45050170161426
003-3,G3,301,44.964527,138.261671,3.45657,2.5,3.0747660271604937,47.65814814814814,49.7,1618.8,-99.93321919382717,2.4843052598429214
003-3,G3,351,44.258556,136.083365,3.432117,2.5,3.07443820815047,48.01931034482758,50.2,1593.4,-99.9320425680251,2.503832458963275
003-3,G3,401,42.892049,131.751033,3.442575,2.5,3.0713151714100904,47.84489003880983,50.1,1544.2,-99.93018905756792,2.5430644961215165
003-3,G3,451,41.559852,127.475351,3.42858,2.5,3.0669015967957276,47.55080106809079,49.7,1496.2,-99.92813559679574,2.583630008154205
003-3,G3,501,39.787393,121.904475,3.437192,2.5,3.0635925815899583,47.81248256624826,49.5,1432.4,-99.9251247684798,2.640751579584713
003-3,G3,551,37.962135,115.779862,3.425504,2.5,3.0496863852339184,47.88969298245614,49.9,1366.7,-99.9217267624269,2.703602899552986
003-3,G3,601,35.180347,106.993032,3.440114,2.5,3.0410182870662466,48.2153785488959,50.7,1266.5,-99.91582845110412,2.808236929086984
003-3,G3,651,31.571517,95.588015,3.458108,2.5,3.0274444279437613,48.21441124780316,50.7,1136.6,-99.9069908778559,2.964195687617447
003-5,G3,1,22.467651,68.589365,3.299397,2.5,3.0525139506172843,44.93382716049382,48.5,808.8,-99.87158934938273,3.513472716028937
003-5,G3,51,51.65412,159.930464,3.405666,2.5,3.0959744691026327,46.88199892530897,50.0,1859.6,-99.94071120580332,2.3179497223695686
003-5,G3,101,50.545027,156.502005,3.481484,2.5,3.09612086985173,47.36858868753433,49.7,1819.7,-99.93979458429435,2.3437947871330174
003-5,G3,151,49.024615,151.262508,3.420583,2.5,3.085346290486976,47.03686296715742,50.2,1764.9,-99.9381700815402,2.3791779629024483
003-5,G3,201,47.470288,146.59156,3.470257,2.5,3.088222762711864,47.186791350087674,49.2,1709.0,-99.87786370309762,3.417784525854933
003-5,G3,251,45.526286,140.471795,3.450726,2.5,3.0854373,47.11158536585366,49.3,1639.0,-99.93397915182926,2.469112472729468
003-5,G3,301,43.590456,134.44856,3.458261,2.5,3.0840321203055376,47.21788669637174,49.2,1569.3,-99.93111108784215,2.5230733791027085
003-5,G3,351,42.003596,129.529682,3.440576,2.5,3.083383120211361,47.46816380449142,49.5,1512.2,-99.92866616512549,2.569748895811597
003-5,G3,401,39.175706,120.579971,3.446727,2.5,3.0775952917847023,47.30566572237961,49.3,1410.4,-99.9240816933428,2.661148564745537
003-5,G3,451,35.652945,108.976083,3.439961,2.5,3.05631359922179,47.19875486381323,49.0,1283.5,-99.91696312607004,2.789141749945831
003-5,G3,501,31.077358,94.434746,3.450572,2.5,3.03855335,47.604464285714286,49.7,1118.8,-99.90562786964287,2.9883649375689485
003-5,G3,551,26.132566,80.005489,3.450572,2.5,3.061310942675159,47.09872611464968,48.8,940.8,-99.88848233227175,3.257946433938303
003-7,G3,1,53.955662,167.914994,3.400283,2.5,3.1119873598971726,46.84817480719794,49.6,1942.5,-99.89186159125964,3.206099470249765
003-7,G3,51,51.870052,159.040781,3.478562,2.5,3.0659089272338145,47.87105403959337,51.4,1867.4,-99.94134113162119,2.3132891121713524
003-7,G3,101,50.369415,146.026665,3.489173,2.5,2.8990254859504128,51.75443526170799,56.5,1813.4,-99.9393994936639,2.3471806495439624
003-7,G3,151,49.180207,141.626885,3.501938,2.5,2.879723308690745,52.00242663656885,56.8,1770.5,-99.93849212302483,2.3758934383338914
003-7,G3,201,48.364103,146.110422,3.480253,2.5,3.0207802111302358,48.59724612736661,52.4,1741.2,-99.93753689500862,2.395400494885964
003-7,G3,251,46.514604,138.57074,3.412125,2.5,2.9789432255369928,47.84116945107399,53.3,1674.6,-99.93538532577564,2.442543520510546
003-7,G3,301,45.798635,136.222283,3.469949,2.5,2.9743224042424243,49.98169696969697,54.7,1648.8,-99.9341102339394,2.4615677291164086
003-7,G3,351,44.141022,125.491205,3.420737,2.5,2.842845427404148,50.02872407291013,57.1,1589.1,-99.93188050282842,2.507164987036486
003-7,G3,401,43.400514,119.521515,3.488097,2.5,2.753985320332481,54.080818414322245,59.9,1562.5,-99.93090161764707,2.5281091298343994
003-7,G3,451,42.522587,130.490267,3.400591,2.5,3.068598162532637,45.45822454308094,49.7,1530.9,-99.92929366449087,2.55465208472345
003-7,G3,501,41.670566,128.207468,3.449188,2.5,3.076310712383489,48.013781624500666,51.3,1500.2,-99.92814439547271,2.5801849925278773
003-7,G3,551,39.264871,121.191437,3.365065,2.5,3.0862251957597175,44.973922261484105,49.1,1413.6,-99.9241149632509,2.65817699166996
003-7,G3,601,37.717381,116.732752,3.445958,2.5,3.0947833760117733,47.50493009565857,50.5,1357.9,-99.92097091022812,2.712685822673783
003-7,G3,651,34.001972,104.375069,3.360298,2.5,3.06914385725938,44.312479608482874,48.7,1224.1,-99.91358614355629,2.8562129533330505
101-1,G1,1,54.4841,174.5916,3.3947,2.5034,3.204338210553148,,,3922.0,-49.999315982666324,0.00020334272259005617
101-1,G1,51,51.6103,164.1083,3.4409,2.5,3.1795322216245294,38.11995696611081,40.8,3717.0,-49.998403926842386,0.00022777459612611207
101-1,G1,101,50.6464,160.548,3.4672,2.5,3.169865625,39.30090460526316,42.2,3647.0,-49.99854501096491,0.00023529363109362874
101-1,G1,151,49.0962,153.4483,3.3621,2.5,3.125263623516111,33.32394684761097,39.6,3537.0,-49.982120774448845,0.0023092004815544933
101-1,G1,201,49.7434,151.7546,3.3299,2.5,3.0506512977951434,47.59955344683227,51.4,3582.0,-49.99860454926039,0.00024180357529943758
101-1,G1,251,47.7448,137.9953,3.1928,2.5,2.890199651061355,41.245623727827855,47.7,3438.0,-50.00048988077929,0.0004909145017491066
101-1,G1,301,47.6736,151.2528,3.4595,2.5,3.1725398719441213,40.75448195576252,43.8,3435.0,-49.96798472060535,0.012220680539465793
101-1,G1,351,47.001,148.9598,3.4821,2.5,3.16916823147328,40.01257880516362,43.5,3386.0,-49.97559887806319,0.00806711429562424
101-1,G1,401,45.0222,141.0934,3.401,2.5,3.133637257318952,30.133093299937386,38.7,3244.0,-49.97557143297381,0.006609734858083535
101-1,G1,451,46.0935,146.2846,3.4638,2.5,3.173510806742926,,,3321.0,-49.97236824202288,0.012387156896849933
101-1,G1,501,45.6101,144.7899,3.49,2.5,3.1743773653787652,45.988682689382415,49.9,3286.0,-49.9747278065105,0.006746065296351395
101-1,G1,551,43.4319,135.7555,3.3944,2.5,3.125643610223642,29.515335463258786,39.9,3129.0,-49.96939073482428,0.011779153619440675
101-1,G1,601,44.0717,139.0657,3.4516,2.5,3.155264841045011,36.36679257160844,40.3,3176.0,-49.964744098205855,0.010377779920144714
101-1,G1,651,43.0894,135.8582,3.4713,2.5,3.1527939471989703,36.17282678686413,40.6,3105.0,-49.96587826786865,0.010433157583387016
101-1,G1,701,42.0728,132.1626,3.4664,2.5,3.141072319366545,30.946024414384695,34.4,3030.0,-50.000092840646644,0.00036061674436249814
101-1,G1,751,39.0933,121.6089,3.3959,2.5,3.1106204545454545,24.27588046958378,29.9,2815.0,-49.9999350497159,0.0007389423080662414
101-1,G1,801,39.6269,124.3787,3.4469,2.5,3.138493695271454,28.262416578854936,31.3,2854.0,-50.00005117338003,0.00029357376129499324
101-1,G1,851,37.8339,118.7987,3.4734,2.5,3.1397376375641968,31.185326485693327,34.0,2725.0,-49.99923209831254,0.00029158308659108135
101-3,G1,1,53.2165,169.4148,3.3403,2.5094,3.1834054758800523,41.35770534550196,44.3,3834.0,-49.960583468057365,0.005038624727358718
101-3,G1,51,51.3862,154.5293,3.2633,2.5,3.007180978114023,49.50302620913266,53.8,3700.0,-49.99745352607403,0.0003513858604166894
101-3,G1,101,49.9928,148.9702,3.1734,2.5,2.9797627048042212,37.75409242761693,47.7,3600.0,-49.995960955290194,0.030062080906359385
101-3,G1,151,49.5813,148.9392,3.2632,2.5,3.0037722564389697,50.77259238521837,55.1,3571.0,-49.99729073348264,0.0005897052214344397
101-3,G1,201,48.0827,144.4171,3.2731,2.5,3.0033392269974044,53.05200461494087,58.4,3466.0,-49.955813267955016,0.005663470317732262
101-3,G1,251,46.5855,137.875,3.1634,2.5,2.959471871275328,31.786889153754466,43.2,3355.0,-49.998617580452915,0.0021056748781523456
101-3,G1,301,45.5733,137.1602,3.2817,2.5,3.009500700365408,56.8041412911084,62.7,3283.0,-49.98625453714981,0.04404162730010184
101-3,G1,351,43.6897,129.9184,3.1792,2.5,2.9735341060654172,37.43398337595908,49.7,3148.0,-49.971913020006355,0.00296085892465494
101-3,G1,401,42.1227,126.8084,3.249,2.5,3.010351712779974,58.51139657444004,62.5,3035.0,-49.970474110671944,0.006774352376052657
101-3,G1,451,39.3358,118.0949,3.2438,2.5,3.002158941798942,,,2834.0,-49.97017417989418,0.008075351948524599
101-3,G1,501,34.662,103.8345,3.2522,2.5,2.995509523809524,53.08975590236095,59.1,2498.0,-49.961471188475386,0.014848451752409871
101-3,G1,551,28.1397,82.1007,3.152,2.5,2.9173827501232132,32.303154263183835,43.5,2028.0,-49.97430887136521,0.0018226225111793878
101-3,G1,601,21.6517,63.8506,3.2334,2.5,2.948806598334401,45.7419602818706,50.4,1560.0,-49.97823190262651,0.014264248190556496
101-3,G1,651,13.9825,39.7622,3.1986,2.5,2.843400396432111,36.18384539147671,42.2,1008.0,-49.985280971258675,0.0017533399669909275
